EDGEID,"TYPE",HASH,SRCVERTEXHASH,DSTVERTEXHASH,"OPERATION","TIME"
1,"WasInformedBy",-143368052,1543717122,824758822,NULL,NULL
2,"WasInformedBy",1053681266,-1587681112,824758822,NULL,NULL
3,"WasInformedBy",-1966253595,-575549639,-1587681112,NULL,NULL
4,"WasInformedBy",817628190,-1432410094,-1587681112,NULL,NULL
5,"WasInformedBy",811246560,-1432475884,-1587681112,NULL,NULL
6,"WasInformedBy",-1088617771,-566501847,-1587681112,NULL,NULL
7,"WasInformedBy",710637653,-2141961303,-1587681112,NULL,NULL
8,"WasInformedBy",-1088616510,-566501834,-1587681112,NULL,NULL
9,"WasInformedBy",817595792,-1432410428,-1587681112,NULL,NULL
10,"WasInformedBy",-1966108192,-575548140,-1587681112,NULL,NULL
11,"WasInformedBy",817775145,-1432408579,-1587681112,NULL,NULL
12,"WasInformedBy",710792368,-2141959708,-1587681112,NULL,NULL
13,"WasInformedBy",-1088461019,-566500231,-1587681112,NULL,NULL
14,"WasInformedBy",817447091,-1432411961,-1587681112,NULL,NULL
15,"WasInformedBy",-1966097328,-575548028,-1587681112,NULL,NULL
16,"WasInformedBy",710797994,-2141959650,-1587681112,NULL,NULL
17,"WasInformedBy",-1088457721,-566500197,-1587681112,NULL,NULL
18,"WasInformedBy",817568341,-1432410711,-1587681112,NULL,NULL
19,"WasInformedBy",-1966095582,-575548010,-1587681112,NULL,NULL
20,"WasInformedBy",710876079,-2141958845,-1587681112,NULL,NULL
21,"WasInformedBy",-1083666203,894723641,-1587681112,NULL,NULL
22,"WasInformedBy",1490750493,1496878193,-1587681112,NULL,NULL
23,"WasInformedBy",-876455397,-1051372753,-1587681112,NULL,NULL
24,"WasInformedBy",-1773526702,-1946181178,-1587681112,NULL,NULL
25,"WasInformedBy",-1124466626,761468978,-1587681112,NULL,NULL
26,"WasInformedBy",798438302,1622574994,-1587681112,NULL,NULL
27,"WasInformedBy",-689159114,1341570858,-1587681112,NULL,NULL
28,"WasInformedBy",-1279980779,1335479913,-1587681112,NULL,NULL
29,"WasInformedBy",-1851939223,1550973501,-1587681112,NULL,NULL
30,"WasInformedBy",-1615169061,-1944548625,-1587681112,NULL,NULL
31,"WasInformedBy",1580501573,-2044437607,-1587681112,NULL,NULL
32,"WasInformedBy",817882815,-1432407469,-1587681112,NULL,NULL
33,"WasInformedBy",818215137,-1432404043,-1587681112,NULL,NULL
34,"WasInformedBy",812170194,-1432466362,-1587681112,NULL,NULL
35,"WasInformedBy",-765271131,1827844345,-1587681112,NULL,NULL
36,"WasInformedBy",1260965143,-2047731797,-1587681112,NULL,NULL
37,"WasInformedBy",1813195670,1367368330,-1587681112,NULL,NULL
38,"WasInformedBy",1192314277,-1694215431,-1587681112,NULL,NULL
39,"WasInformedBy",-1120977932,894338984,-1587681112,NULL,NULL
40,"WasInformedBy",-1541344193,-1589563437,-1587681112,NULL,NULL
41,"WasInformedBy",1264020897,-896471947,-1587681112,NULL,NULL
42,"WasInformedBy",1264020703,-896471949,-1587681112,NULL,NULL
43,"WasInformedBy",-677260379,-1403543303,-1587681112,NULL,NULL
44,"WasInformedBy",-677260282,-1403543302,-1587681112,NULL,NULL
45,"WasInformedBy",2052613781,1989728745,-1587681112,NULL,NULL
46,"WasInformedBy",-670880495,-1403477531,-1587681112,NULL,NULL
47,"WasInformedBy",-670694158,-1403475610,-1587681112,NULL,NULL
48,"WasInformedBy",1810795568,-802279068,-1587681112,NULL,NULL
49,"WasInformedBy",1811206460,-802274832,-1587681112,NULL,NULL
50,"WasInformedBy",1104501171,-2093622841,-1587681112,NULL,NULL
51,"WasInformedBy",1114384381,-101010351,-1587681112,NULL,NULL
52,"WasInformedBy",1912057905,349993221,-1587681112,NULL,NULL
53,"WasInformedBy",568819687,-1789199237,-1587681112,NULL,NULL
54,"WasInformedBy",-1807237896,-1813694676,-1587681112,NULL,NULL
55,"WasInformedBy",861379314,959053670,-1587681112,NULL,NULL
56,"WasInformedBy",-101251887,2023797515,1543717122,NULL,NULL
57,"WasInformedBy",-621679215,-1978584475,-1587681112,NULL,NULL
58,"WasInformedBy",1910528567,-125085135,1543717122,NULL,NULL
59,"WasInformedBy",-650763756,-429153848,-1587681112,NULL,NULL
60,"WasInformedBy",843926692,-163154897,-125085135,NULL,NULL
61,"WasInformedBy",843967626,-163154475,-125085135,NULL,NULL
62,"WasInformedBy",453960330,-1657549314,-1587681112,NULL,NULL
63,"WasInformedBy",673371832,-2053789460,-1587681112,NULL,NULL
64,"WasInformedBy",673662854,-1345338246,-1587681112,NULL,NULL
65,"WasInformedBy",673589888,-2053787212,-1587681112,NULL,NULL
66,"WasInformedBy",75164151,-1262952309,-1587681112,NULL,NULL
67,"WasInformedBy",1110844139,-1163719169,-1587681112,NULL,NULL
68,"WasInformedBy",1811664190,1025123992,1543717122,NULL,NULL
69,"WasInformedBy",1404510696,2532226,1543717122,NULL,NULL
70,"WasInformedBy",-2005591788,1649941038,1543717122,NULL,NULL
71,"WasInformedBy",-491151953,369495875,-1587681112,NULL,NULL
72,"WasInformedBy",-1305585076,-1631410944,-1587681112,NULL,NULL
73,"WasInformedBy",-1873150371,-119814121,1543717122,NULL,NULL
74,"WasInformedBy",-37779124,-659357135,-119814121,NULL,NULL
75,"WasInformedBy",-1660281685,-6351466,-659357135,NULL,NULL
76,"WasInformedBy",-670289916,-505915618,1543717122,NULL,NULL
77,"WasInformedBy",2129195299,-57422591,-505915618,NULL,NULL
78,"WasInformedBy",625154142,-1760734408,2532226,NULL,NULL
79,"WasInformedBy",-1914310060,1640670584,-1760734408,NULL,NULL
80,"WasInformedBy",1800055789,1267524619,-505915618,NULL,NULL
81,"WasInformedBy",221321832,1265962657,1267524619,"fork","978314525.792"
82,"WasInformedBy",-1540546305,1265961677,-505915618,"fork","978314525.855"
83,"WasInformedBy",545246990,1267524722,-1760734408,NULL,NULL
84,"WasInformedBy",544619497,1267518253,-1760734408,NULL,NULL
85,"WasInformedBy",1174204998,1265958865,1270704383,"fork","978314527.242"
86,"WasInformedBy",1174223816,1265958865,1270704383,"fork","978314527.244"
87,"WasInformedBy",1174223816,1265958865,1270704383,"fork","978314527.244"
88,"WasInformedBy",1174223816,1265958865,1270704383,"fork","978314527.244"
89,"WasInformedBy",1174214407,1265958865,1270704383,"fork","978314527.245"
90,"WasInformedBy",-1710942438,1270365044,2532226,NULL,NULL
91,"WasInformedBy",-549944644,1269263652,1270365044,NULL,NULL
92,"WasInformedBy",-549944741,1269263651,1270365044,NULL,NULL
93,"WasInformedBy",-1710943505,1270365033,2532226,NULL,NULL
94,"WasInformedBy",-549946789,1269263630,1270365033,NULL,NULL
95,"WasInformedBy",-549946886,1269263629,1270365033,NULL,NULL
96,"WasInformedBy",-1710943796,1270365030,2532226,NULL,NULL
97,"WasInformedBy",-549946598,1269263632,1270365030,NULL,NULL
98,"WasInformedBy",-549946695,1269263631,1270365030,NULL,NULL
99,"WasInformedBy",-1710939916,1270365070,2532226,NULL,NULL
100,"WasInformedBy",-549938798,1269263712,1270365070,NULL,NULL
101,"WasInformedBy",-549938895,1269263711,1270365070,NULL,NULL
102,"WasInformedBy",-1710939431,1270365075,2532226,NULL,NULL
103,"WasInformedBy",-1548572209,1265958895,1270365075,"fork","978314537.307"
104,"WasInformedBy",-1548572209,1265958895,1270365075,"fork","978314537.307"
105,"WasInformedBy",-1548572209,1265958895,1270365075,"fork","978314537.307"
106,"WasInformedBy",-1548572209,1265958895,1270365075,"fork","978314537.307"
107,"WasInformedBy",-1548572209,1265958895,1270365075,"fork","978314537.307"
108,"WasInformedBy",-1548543982,1265958895,1270365075,"fork","978314537.308"
109,"WasInformedBy",-1548543982,1265958895,1270365075,"fork","978314537.308"
110,"WasInformedBy",-1548543982,1265958895,1270365075,"fork","978314537.308"
111,"WasInformedBy",-1548543982,1265958895,1270365075,"fork","978314537.308"
112,"WasInformedBy",-1548543982,1265958895,1270365075,"fork","978314537.308"
113,"WasInformedBy",-1548543982,1265958895,1270365075,"fork","978314537.308"
114,"WasInformedBy",1799472140,1267518602,-505915618,NULL,NULL
115,"WasInformedBy",1799450897,1267518383,-505915618,NULL,NULL
116,"Used",-2002438807,1267518383,-148882091,"read","978314537.314"
117,"WasInformedBy",-1549108522,1265958895,1270365075,"fork","978314537.326"
118,"WasInformedBy",-1549042659,1265958895,1270365075,"fork","978314537.330"
119,"WasInformedBy",-1549992968,1265958895,1270365075,"fork","978314537.331"
120,"WasInformedBy",-1549973471,1265958902,1270365075,"fork","978314537.333"
121,"WasInformedBy",-1549973568,1265958901,1270365075,"fork","978314537.333"
122,"WasInformedBy",-1549973665,1265958900,1270365075,"fork","978314537.333"
123,"WasInformedBy",1799471170,1267518592,-505915618,NULL,NULL
124,"Used",-1993402767,1267518383,-148878691,"read","978314537.457"
125,"WasInformedBy",680327386,1265958895,1270365075,"fork","978314586.515"
126,"WasInformedBy",680328065,1265958902,1270365075,"fork","978314586.515"
127,"WasInformedBy",612544950,1265958895,1270365075,"fork","978314586.629"
128,"WasInformedBy",612545629,1265958902,1270365075,"fork","978314586.629"
129,"WasInformedBy",572460061,1265958895,1270365075,"fork","978314587.049"
130,"WasInformedBy",571839067,1265958895,1270365075,"fork","978314587.069"
131,"WasInformedBy",566250800,1265958902,1270365075,"fork","978314587.070"
132,"WasInformedBy",-1710940692,1270365062,2532226,NULL,NULL
133,"WasInformedBy",-549940358,1269263696,1270365062,NULL,NULL
134,"WasInformedBy",-549937060,1269263730,1270365062,NULL,NULL
135,"WasInformedBy",1799474856,1267518630,-505915618,NULL,NULL
136,"WasInformedBy",-1710936230,1270365108,2532226,NULL,NULL
137,"WasInformedBy",-549932164,1269263780,1270365108,NULL,NULL
138,"WasInformedBy",-549932261,1269263779,1270365108,NULL,NULL
139,"WasInformedBy",1799474371,1267518625,-505915618,NULL,NULL
140,"WasInformedBy",-1710937491,1270365095,2532226,NULL,NULL
141,"WasInformedBy",-549934699,1269263754,1270365095,NULL,NULL
142,"WasInformedBy",-549955457,1269263540,1270365095,NULL,NULL
143,"WasInformedBy",1799453225,1267518407,-505915618,NULL,NULL
144,"WasInformedBy",-1710957861,1270364885,2532226,NULL,NULL
145,"Used",275025270,1270364885,-97137843,"read","978314596.497"
146,"WasInformedBy",400168101,1265958961,1270364885,"fork","978314596.498"
147,"Used",275015861,1270364885,-97137843,"read","978314596.498"
148,"WasInformedBy",400168101,1265958961,1270364885,"fork","978314596.498"
149,"Used",274968816,1270364885,-97137843,"read","978314596.499"
150,"WasInformedBy",400121056,1265958961,1270364885,"fork","978314596.499"
151,"Used",274968816,1270364885,-97137843,"read","978314596.499"
152,"WasInformedBy",400121056,1265958961,1270364885,"fork","978314596.499"
153,"Used",274968816,1270364885,-97137843,"read","978314596.499"
154,"WasInformedBy",400121056,1265958961,1270364885,"fork","978314596.499"
155,"Used",274968816,1270364885,-97137843,"read","978314596.499"
156,"WasInformedBy",417273663,1265958961,1270364885,"fork","978314596.500"
157,"Used",292121423,1270364885,-97137843,"read","978314596.500"
158,"WasInformedBy",417273663,1265958961,1270364885,"fork","978314596.500"
159,"Used",292121423,1270364885,-97137843,"read","978314596.500"
160,"WasInformedBy",417273663,1265958961,1270364885,"fork","978314596.500"
161,"Used",292121423,1270364885,-97137843,"read","978314596.500"
162,"Used",292149650,1270364885,-97137843,"read","978314596.501"
163,"Used",292149650,1270364885,-97137843,"read","978314596.501"
164,"WasInformedBy",417301890,1265958961,1270364885,"fork","978314596.501"
165,"Used",292149650,1270364885,-97137843,"read","978314596.501"
166,"WasInformedBy",417301890,1265958961,1270364885,"fork","978314596.501"
167,"Used",292149650,1270364885,-97137843,"read","978314596.501"
168,"WasInformedBy",417301890,1265958961,1270364885,"fork","978314596.501"
169,"Used",292149650,1270364885,-97137843,"read","978314596.501"
170,"WasInformedBy",417301890,1265958961,1270364885,"fork","978314596.501"
171,"Used",292149650,1270364885,-97137843,"read","978314596.501"
172,"WasInformedBy",417292481,1265958961,1270364885,"fork","978314596.502"
173,"Used",292140241,1270364885,-97137843,"read","978314596.502"
174,"WasInformedBy",1799453710,1267518412,-505915618,NULL,NULL
175,"WasInformedBy",-1626885597,1922331370,1270364885,NULL,NULL
176,"WasInformedBy",1069503309,1265958958,1922331370,"fork","978314596.504"
177,"WasInformedBy",1069503309,1265958958,1922331370,"fork","978314596.504"
178,"WasInformedBy",1069531536,1265958958,1922331370,"fork","978314596.505"
179,"Used",292413102,1270364885,-97137843,"read","978314596.505"
180,"WasInformedBy",-1626886470,1922331361,1270364885,NULL,NULL
181,"WasInformedBy",1069521245,1265958949,1922331361,"fork","978314596.506"
182,"WasInformedBy",1069521245,1265958949,1922331361,"fork","978314596.506"
183,"WasInformedBy",1069474200,1265958949,1922331361,"fork","978314596.507"
184,"Used",292356648,1270364885,-97137843,"read","978314596.507"
185,"WasInformedBy",-1626886567,1922331360,1270364885,NULL,NULL
186,"Used",292347239,1270364885,-97137843,"read","978314596.508"
187,"WasInformedBy",-1626886664,1922331359,1270364885,NULL,NULL
188,"WasInformedBy",-974917474,1922331387,1922331359,NULL,NULL
189,"WasInformedBy",-974917571,1922331386,1922331359,NULL,NULL
190,"WasInformedBy",1069553280,1265958988,1922331386,"fork","978314596.510"
191,"WasInformedBy",1069553280,1265958988,1922331386,"fork","978314596.510"
192,"WasInformedBy",1069553280,1265958988,1922331386,"fork","978314596.510"
193,"WasInformedBy",1069543871,1265958988,1922331386,"fork","978314596.511"
194,"WasInformedBy",1069543871,1265958988,1922331386,"fork","978314596.511"
195,"WasInformedBy",1069543871,1265958988,1922331386,"fork","978314596.511"
196,"Used",292450738,1270364885,-97137843,"read","978314596.512"
197,"WasInformedBy",-1626882784,1922331399,1270364885,NULL,NULL
198,"WasInformedBy",-974913845,1922331424,1922331399,NULL,NULL
199,"WasInformedBy",-974913166,1922331431,1922331399,NULL,NULL
200,"WasInformedBy",1069563219,1265958993,1922331431,"fork","978314596.513"
201,"WasInformedBy",1069563219,1265958993,1922331431,"fork","978314596.513"
202,"WasInformedBy",1069563219,1265958993,1922331431,"fork","978314596.513"
203,"WasInformedBy",1069563219,1265958993,1922331431,"fork","978314596.513"
204,"WasInformedBy",1068612910,1265958993,1922331431,"fork","978314596.514"
205,"WasInformedBy",1067399149,1265958993,1922331431,"fork","978314596.559"
206,"Used",290408985,1270364885,-97137843,"read","978314596.560"
207,"WasInformedBy",-1626882299,1922331404,1270364885,NULL,NULL
208,"WasInformedBy",-974912870,1922331434,1922331404,NULL,NULL
209,"WasInformedBy",-974912967,1922331433,1922331404,NULL,NULL
210,"WasInformedBy",1067474132,1265958990,1922331433,"fork","978314596.562"
211,"WasInformedBy",1067474132,1265958990,1922331433,"fork","978314596.562"
212,"WasInformedBy",1067474132,1265958990,1922331433,"fork","978314596.562"
213,"WasInformedBy",1067474132,1265958990,1922331433,"fork","978314596.562"
214,"WasInformedBy",1067502359,1265958990,1922331433,"fork","978314596.563"
215,"WasInformedBy",1067502359,1265958990,1922331433,"fork","978314596.563"
216,"Used",290380758,1270364885,-97137843,"read","978314596.563"
217,"WasInformedBy",-1626883366,1922331393,1270364885,NULL,NULL
218,"WasInformedBy",-974915015,1922331412,1922331393,NULL,NULL
219,"WasInformedBy",-974913269,1922331430,1922331393,NULL,NULL
220,"WasInformedBy",1077435932,1265958966,1922331430,"fork","978314596.695"
221,"WasInformedBy",1077435932,1265958966,1922331430,"fork","978314596.695"
222,"WasInformedBy",1084530318,1265958966,1922331430,"fork","978314596.727"
223,"WasInformedBy",1084530318,1265958966,1922331430,"fork","978314596.727"
224,"WasInformedBy",1084520909,1265958966,1922331430,"fork","978314596.728"
225,"WasInformedBy",1084520909,1265958966,1922331430,"fork","978314596.728"
226,"Used",307429866,1270364885,-97137843,"read","978314596.729"
227,"WasInformedBy",-1626879486,1922331433,1270364885,NULL,NULL
228,"WasInformedBy",-974907312,1922331491,1922331433,NULL,NULL
229,"WasInformedBy",-974907215,1922331492,1922331433,NULL,NULL
230,"WasInformedBy",1087668717,1265959019,1922331491,"fork","978314596.795"
231,"WasInformedBy",1087668717,1265959019,1922331491,"fork","978314596.795"
232,"WasInformedBy",1087668717,1265959019,1922331491,"fork","978314596.795"
233,"WasInformedBy",1087668717,1265959019,1922331491,"fork","978314596.795"
234,"WasInformedBy",1087621672,1265959019,1922331491,"fork","978314596.796"
235,"WasInformedBy",1016809538,1265959019,1922331491,"fork","978314596.839"
236,"Used",239741520,1270364885,-97137843,"read","978314596.840"
237,"WasInformedBy",-1626879777,1922331430,1270364885,NULL,NULL
238,"WasInformedBy",-974907024,1922331494,1922331430,NULL,NULL
239,"WasInformedBy",-974907121,1922331493,1922331430,NULL,NULL
240,"WasInformedBy",1017120522,1265959024,1922331493,"fork","978314596.845"
241,"WasInformedBy",1017120522,1265959024,1922331493,"fork","978314596.845"
242,"WasInformedBy",1017120522,1265959024,1922331493,"fork","978314596.845"
243,"WasInformedBy",1017148749,1265959024,1922331493,"fork","978314596.846"
244,"WasInformedBy",1017148749,1265959024,1922331493,"fork","978314596.846"
245,"WasInformedBy",1017148749,1265959024,1922331493,"fork","978314596.846"
246,"Used",240014381,1270364885,-97137843,"read","978314596.847"
247,"WasInformedBy",-1626879292,1922331435,1270364885,NULL,NULL
248,"WasInformedBy",-974906825,1922331496,1922331435,NULL,NULL
249,"WasInformedBy",-974907698,1922331487,1922331435,NULL,NULL
250,"WasInformedBy",1017213539,1265959013,1922331487,"fork","978314596.850"
251,"WasInformedBy",1017213539,1265959013,1922331487,"fork","978314596.850"
252,"WasInformedBy",1017213539,1265959013,1922331487,"fork","978314596.850"
253,"WasInformedBy",1017213539,1265959013,1922331487,"fork","978314596.850"
254,"WasInformedBy",1017166494,1265959013,1922331487,"fork","978314596.851"
255,"WasInformedBy",1017166494,1265959013,1922331487,"fork","978314596.851"
256,"Used",240033199,1270364885,-97137843,"read","978314596.852"
257,"WasInformedBy",-1626878516,1922331443,1270364885,NULL,NULL
258,"WasInformedBy",-974908369,1922331480,1922331443,NULL,NULL
259,"WasInformedBy",-974906138,1922331503,1922331443,NULL,NULL
260,"WasInformedBy",1017179799,1265959053,1922331503,"fork","978314596.854"
261,"WasInformedBy",1017179799,1265959053,1922331503,"fork","978314596.854"
262,"WasInformedBy",1017179799,1265959053,1922331503,"fork","978314596.854"
263,"WasInformedBy",1038827359,1265959053,1922331503,"fork","978314597.152"
264,"WasInformedBy",1038780314,1265959053,1922331503,"fork","978314597.153"
265,"WasInformedBy",1038780314,1265959053,1922331503,"fork","978314597.153"
266,"Used",260438771,1270364885,-97137843,"read","978314597.198"
267,"WasInformedBy",-1626876479,1922331464,1270364885,NULL,NULL
268,"WasInformedBy",1037594644,1265959052,1922331464,"fork","978314597.199"
269,"WasInformedBy",977668723,1265959052,1922331464,"fork","978314597.200"
270,"WasInformedBy",977668723,1265959052,1922331464,"fork","978314597.200"
271,"Used",199327316,1270364885,-97137843,"read","978314597.241"
272,"WasInformedBy",-1626876576,1922331463,1270364885,NULL,NULL
273,"WasInformedBy",-719487805,1267515786,1270364885,NULL,NULL
274,"WasInformedBy",315956054,1265959050,1267515786,"fork","978314597.292"
275,"Used",-1061720832,1267515786,-1076140352,"read","978314597.292"
276,"WasInformedBy",315956054,1265959050,1267515786,"fork","978314597.292"
277,"Used",-1061720832,1267515786,-1076140352,"read","978314597.292"
278,"WasInformedBy",315956054,1265959050,1267515786,"fork","978314597.292"
279,"Used",-1061720832,1267515786,-1076140352,"read","978314597.292"
280,"WasInformedBy",315956054,1265959050,1267515786,"fork","978314597.292"
281,"Used",-1061720832,1267515786,-1076140352,"read","978314597.292"
282,"WasInformedBy",315956054,1265959050,1267515786,"fork","978314597.292"
283,"Used",-1061730241,1267515786,-1076140352,"read","978314597.293"
284,"WasInformedBy",315946645,1265959050,1267515786,"fork","978314597.293"
285,"Used",-1061702014,1267515786,-1076140352,"read","978314597.294"
286,"WasInformedBy",333061616,1265959050,1267515786,"fork","978314597.302"
287,"Used",-1044615270,1267515786,-1076140352,"read","978314597.302"
288,"WasInformedBy",333061616,1265959050,1267515786,"fork","978314597.302"
289,"Used",-1044615270,1267515786,-1076140352,"read","978314597.302"
290,"WasInformedBy",333061616,1265959050,1267515786,"fork","978314597.302"
291,"Used",-1044615270,1267515786,-1076140352,"read","978314597.302"
292,"WasInformedBy",333061616,1265959050,1267515786,"fork","978314597.302"
293,"Used",-1044624679,1267515786,-1076140352,"read","978314597.303"
294,"WasInformedBy",333052207,1265959050,1267515786,"fork","978314597.303"
295,"Used",-1044624679,1267515786,-1076140352,"read","978314597.303"
296,"WasInformedBy",333306250,1265959050,1267515786,"fork","978314597.304"
297,"Used",-1044370636,1267515786,-1076140352,"read","978314597.304"
298,"WasInformedBy",333306250,1265959050,1267515786,"fork","978314597.304"
299,"Used",-1044370636,1267515786,-1076140352,"read","978314597.304"
300,"WasInformedBy",333306250,1265959050,1267515786,"fork","978314597.304"
301,"Used",-1044370636,1267515786,-1076140352,"read","978314597.304"
302,"WasInformedBy",333306250,1265959050,1267515786,"fork","978314597.304"
303,"Used",-1044370636,1267515786,-1076140352,"read","978314597.304"
304,"Used",-1044333000,1267515786,-1076140352,"read","978314597.311"
305,"WasInformedBy",-719487126,1267515793,1270364885,NULL,NULL
306,"Used",-1044332321,1267515793,-1076140352,"read","978314597.311"
307,"WasInformedBy",333344572,1265959057,1267515793,"fork","978314597.311"
308,"Used",-1044332321,1267515793,-1076140352,"read","978314597.311"
309,"WasInformedBy",333344572,1265959057,1267515793,"fork","978314597.311"
310,"Used",-1044341730,1267515793,-1076140352,"read","978314597.312"
311,"WasInformedBy",333335163,1265959057,1267515793,"fork","978314597.312"
312,"Used",-1044341730,1267515793,-1076140352,"read","978314597.312"
313,"WasInformedBy",333335163,1265959057,1267515793,"fork","978314597.312"
314,"Used",-1044341730,1267515793,-1076140352,"read","978314597.312"
315,"WasInformedBy",333335163,1265959057,1267515793,"fork","978314597.312"
316,"Used",-1044341730,1267515793,-1076140352,"read","978314597.312"
317,"WasInformedBy",333335163,1265959057,1267515793,"fork","978314597.312"
318,"Used",-1044341730,1267515793,-1076140352,"read","978314597.312"
319,"WasInformedBy",333363390,1265959057,1267515793,"fork","978314597.313"
320,"Used",-1044313503,1267515793,-1076140352,"read","978314597.313"
321,"WasInformedBy",333363390,1265959057,1267515793,"fork","978314597.313"
322,"Used",-1044313503,1267515793,-1076140352,"read","978314597.313"
323,"WasInformedBy",333363390,1265959057,1267515793,"fork","978314597.313"
324,"Used",-1044322912,1267515793,-1076140352,"read","978314597.314"
325,"Used",-1044322912,1267515793,-1076140352,"read","978314597.314"
326,"Used",-1044322912,1267515793,-1076140352,"read","978314597.314"
327,"WasInformedBy",333353981,1265959057,1267515793,"fork","978314597.314"
328,"Used",-1045273221,1267515793,-1076140352,"read","978314597.315"
329,"WasInformedBy",332403672,1265959057,1267515793,"fork","978314597.315"
330,"Used",-1045273221,1267515793,-1076140352,"read","978314597.315"
331,"WasInformedBy",332403672,1265959057,1267515793,"fork","978314597.315"
332,"Used",-1045273221,1267515793,-1076140352,"read","978314597.315"
333,"WasInformedBy",332403672,1265959057,1267515793,"fork","978314597.315"
334,"Used",-1045273221,1267515793,-1076140352,"read","978314597.315"
335,"Used",-1045273221,1267515793,-1076140352,"read","978314597.315"
336,"WasInformedBy",332403672,1265959057,1267515793,"fork","978314597.315"
337,"Used",-1045273221,1267515793,-1076140352,"read","978314597.315"
338,"WasInformedBy",332394263,1265959057,1267515793,"fork","978314597.316"
339,"Used",-1045282630,1267515793,-1076140352,"read","978314597.316"
340,"WasInformedBy",332394263,1265959057,1267515793,"fork","978314597.316"
341,"Used",-1045282630,1267515793,-1076140352,"read","978314597.316"
342,"WasInformedBy",332704760,1265959057,1267515793,"fork","978314597.326"
343,"Used",-1044972133,1267515793,-1076140352,"read","978314597.326"
344,"WasInformedBy",332704760,1265959057,1267515793,"fork","978314597.326"
345,"WasInformedBy",332169126,1265959064,1267515793,"fork","978314597.352"
346,"Used",-1609972934,1267515793,-1640604840,"read","978314597.352"
347,"WasInformedBy",332169126,1265959064,1267515793,"fork","978314597.352"
348,"Used",-1609972934,1267515793,-1640604840,"read","978314597.352"
349,"WasInformedBy",332169126,1265959064,1267515793,"fork","978314597.352"
350,"Used",-1609944707,1267515793,-1640604840,"read","978314597.353"
351,"WasInformedBy",325883914,1265959064,1267515793,"fork","978314597.381"
352,"Used",-1616239328,1267515793,-1640604840,"read","978314597.383"
353,"Used",-1616286373,1267515793,-1640604840,"read","978314597.384"
354,"WasInformedBy",338746017,1265959064,1267515793,"fork","978314597.405"
355,"Used",-1603396043,1267515793,-1640604840,"read","978314597.405"
356,"WasInformedBy",338774244,1265959064,1267515793,"fork","978314597.413"
357,"WasInformedBy",342660064,1265959063,1267515793,"fork","978314597.416"
358,"WasInformedBy",342650558,1265959062,1267515793,"fork","978314597.417"
359,"WasInformedBy",342650461,1265959061,1267515793,"fork","978314597.417"
360,"WasInformedBy",342602543,1265959052,1267515793,"fork","978314597.418"
361,"WasInformedBy",342602446,1265959051,1267515793,"fork","978314597.418"
362,"WasInformedBy",342870845,1265960557,1267515793,"fork","978314597.420"
363,"WasInformedBy",343098892,1265960580,1267515793,"fork","978314597.428"
364,"Used",-1875184022,1267515793,-1916673914,"read","978314597.431"
365,"WasInformedBy",342205037,1265960580,1267515793,"fork","978314597.438"
366,"WasInformedBy",342204940,1265960579,1267515793,"fork","978314597.438"
367,"WasInformedBy",342233070,1265960578,1267515793,"fork","978314597.446"
368,"WasInformedBy",342007157,1265960577,1267515793,"fork","978314597.471"
369,"WasInformedBy",341923155,1265960584,1267515793,"fork","978314597.476"
370,"WasInformedBy",341010385,1265960583,1267515793,"fork","978314597.488"
371,"Used",-1145543246,1267515793,-1184869068,"read","978314597.488"
372,"WasInformedBy",-719409720,1267516591,1270364885,NULL,NULL
373,"WasInformedBy",341548854,1265962149,1267516591,"fork","978314597.490"
374,"Used",-1145089480,1267516591,-1184869068,"read","978314597.491"
375,"WasInformedBy",341520627,1265962149,1267516591,"fork","978314597.497"
376,"Used",-1358918414,1267516591,-1184869068,"read","978314597.633"
377,"WasInformedBy",138464901,1265962148,1267516591,"fork","978314597.704"
378,"Used",-1601921206,1267516591,-1438626347,"read","978314597.704"
379,"Used",-1348163927,1267516591,-1184869068,"read","978314597.704"
380,"WasInformedBy",138455589,1265962149,1267516591,"fork","978314597.705"
381,"Used",-1348173336,1267516591,-1184869068,"read","978314597.705"
382,"WasInformedBy",138455589,1265962149,1267516591,"fork","978314597.705"
383,"Used",-1348173336,1267516591,-1184869068,"read","978314597.705"
384,"WasInformedBy",138455589,1265962149,1267516591,"fork","978314597.705"
385,"Used",-1348173336,1267516591,-1184869068,"read","978314597.705"
386,"WasInformedBy",1799541495,1267519317,-505915618,NULL,NULL
387,"Used",-648089578,1267516591,-484785310,"read","978314597.705"
388,"Used",-1348145109,1267516591,-1184869068,"read","978314597.706"
389,"WasInformedBy",1799541301,1267519315,-505915618,NULL,NULL
390,"WasInformedBy",137655824,1265962149,1267516591,"fork","978314597.720"
391,"WasInformedBy",147243401,1265962147,1267516591,"fork","978314597.835"
392,"WasInformedBy",146969667,1265962138,1267516591,"fork","978314597.872"
393,"WasInformedBy",146969667,1265962138,1267516591,"fork","978314597.872"
394,"WasInformedBy",146969667,1265962138,1267516591,"fork","978314597.872"
395,"WasInformedBy",156830299,1265962138,1267516591,"fork","978314597.957"
396,"WasInformedBy",156632710,1265962138,1267516591,"fork","978314597.990"
397,"WasInformedBy",1363713320,1265962138,1267516591,"fork","978314598.001"
398,"WasInformedBy",1799543435,1267519337,-505915618,NULL,NULL
399,"WasInformedBy",1800040948,1267524466,-505915618,NULL,NULL
400,"Used",988256905,1267524466,-84914899,"read","978314598.105"
401,"Used",988247494,1267524466,-84914901,"read","978314598.106"
402,"WasInformedBy",1799543241,1267519335,-505915618,NULL,NULL
403,"Used",934779289,1267518383,-146355245,"read","978314598.272"
404,"WasInformedBy",1393172899,1265962138,1267516591,"fork","978314598.343"
405,"WasInformedBy",1393193463,1265962156,1267516591,"fork","978314598.345"
406,"WasInformedBy",1799543823,1267519341,-505915618,NULL,NULL
407,"WasInformedBy",1392979321,1265962248,1267519341,"fork","978314598.370"
408,"WasInformedBy",1392979321,1265962248,1267519341,"fork","978314598.370"
409,"WasInformedBy",1392969912,1265962248,1267519341,"fork","978314598.371"
410,"WasInformedBy",1799543726,1267519340,-505915618,NULL,NULL
411,"Used",877845294,1267518383,-146355381,"read","978314598.462"
412,"WasInformedBy",1411799760,1265960590,1267515793,"fork","978314599.505"
413,"WasInformedBy",1411827890,1265960589,1267515793,"fork","978314599.506"
414,"WasInformedBy",1411830121,1265960612,1267515793,"fork","978314599.506"
415,"WasInformedBy",1411820615,1265960611,1267515793,"fork","978314599.507"
416,"WasInformedBy",1411820518,1265960610,1267515793,"fork","978314599.507"
417,"WasInformedBy",1411773376,1265960609,1267515793,"fork","978314599.508"
418,"WasInformedBy",1411774055,1265960616,1267515793,"fork","978314599.508"
419,"WasInformedBy",1411764549,1265960615,1267515793,"fork","978314599.509"
420,"WasInformedBy",1411764452,1265960614,1267515793,"fork","978314599.509"
421,"WasInformedBy",1411896081,1265960613,1267515793,"fork","978314599.510"
422,"WasInformedBy",1410946742,1265960623,1267515793,"fork","978314599.511"
423,"WasInformedBy",1410937236,1265960622,1267515793,"fork","978314599.512"
424,"WasInformedBy",1410955957,1265960621,1267515793,"fork","978314599.514"
425,"WasInformedBy",1410958188,1265960644,1267515793,"fork","978314599.514"
426,"WasInformedBy",1410911046,1265960643,1267515793,"fork","978314599.515"
427,"WasInformedBy",1410910949,1265960642,1267515793,"fork","978314599.515"
428,"WasInformedBy",1410929670,1265960641,1267515793,"fork","978314599.517"
429,"WasInformedBy",1410930349,1265960648,1267515793,"fork","978314599.517"
430,"WasInformedBy",-722246209,1267516721,1267515786,NULL,NULL
431,"WasInformedBy",-719405646,1267516633,1270364885,NULL,NULL
432,"WasInformedBy",1411296676,1265960632,1267516721,"fork","978314599.532"
433,"WasInformedBy",1411296676,1265960632,1267516721,"fork","978314599.532"
434,"WasInformedBy",1424798591,1265960632,1267516721,"fork","978314599.533"
435,"WasInformedBy",1424798591,1265960632,1267516721,"fork","978314599.533"
436,"WasInformedBy",1424798591,1265960632,1267516721,"fork","978314599.533"
437,"WasInformedBy",1424798591,1265960632,1267516721,"fork","978314599.533"
438,"WasInformedBy",1424798591,1265960632,1267516721,"fork","978314599.533"
439,"WasInformedBy",1424789182,1265960632,1267516721,"fork","978314599.534"
440,"WasInformedBy",1424789182,1265960632,1267516721,"fork","978314599.534"
441,"WasInformedBy",1424789182,1265960632,1267516721,"fork","978314599.534"
442,"WasInformedBy",1424789182,1265960632,1267516721,"fork","978314599.534"
443,"WasInformedBy",1424789182,1265960632,1267516721,"fork","978314599.534"
444,"WasInformedBy",-412878712,1270706067,1267516721,NULL,NULL
445,"WasInformedBy",1427997249,1265960631,1270706067,"fork","978314599.536"
446,"WasInformedBy",1427997249,1265960631,1270706067,"fork","978314599.536"
447,"WasInformedBy",1427997249,1265960631,1270706067,"fork","978314599.536"
448,"WasInformedBy",1427950204,1265960631,1270706067,"fork","978314599.537"
449,"WasInformedBy",1427950204,1265960631,1270706067,"fork","978314599.537"
450,"WasInformedBy",-722244172,1267516742,1267515786,NULL,NULL
451,"WasInformedBy",1420908427,1265960685,1267516742,"fork","978314599.645"
452,"WasInformedBy",1420908427,1265960685,1267516742,"fork","978314599.645"
453,"WasInformedBy",1420908427,1265960685,1267516742,"fork","978314599.645"
454,"WasInformedBy",1420908427,1265960685,1267516742,"fork","978314599.645"
455,"WasInformedBy",-719405937,1267516630,1270364885,NULL,NULL
456,"WasInformedBy",1420899018,1265960685,1267516742,"fork","978314599.646"
457,"WasInformedBy",1357134225,1265960685,1267516742,"fork","978314599.690"
458,"WasInformedBy",1357134225,1265960685,1267516742,"fork","978314599.690"
459,"WasInformedBy",1357134225,1265960685,1267516742,"fork","978314599.690"
460,"WasInformedBy",1357124816,1265960685,1267516742,"fork","978314599.691"
461,"WasInformedBy",1357124816,1265960685,1267516742,"fork","978314599.691"
462,"WasInformedBy",1353765803,1265960685,1267516742,"fork","978314599.733"
463,"WasInformedBy",1353756394,1265960685,1267516742,"fork","978314599.734"
464,"WasInformedBy",-412871513,1270706141,1267516742,NULL,NULL
465,"WasInformedBy",1356898651,1265960684,1270706141,"fork","978314599.735"
466,"WasInformedBy",1370193568,1265960684,1270706141,"fork","978314599.778"
467,"WasInformedBy",1370146523,1265960684,1270706141,"fork","978314599.779"
468,"WasInformedBy",1370268840,1265960684,1270706141,"fork","978314599.781"
469,"WasInformedBy",1370268840,1265960684,1270706141,"fork","978314599.781"
470,"WasInformedBy",-722244463,1267516739,1267515786,NULL,NULL
471,"WasInformedBy",-719403900,1267516651,1270364885,NULL,NULL
472,"WasInformedBy",1367041608,1265960682,1267516739,"fork","978314599.785"
473,"WasInformedBy",1367041608,1265960682,1267516739,"fork","978314599.785"
474,"WasInformedBy",1367041608,1265960682,1267516739,"fork","978314599.785"
475,"WasInformedBy",1367041608,1265960682,1267516739,"fork","978314599.785"
476,"WasInformedBy",1367041608,1265960682,1267516739,"fork","978314599.785"
477,"WasInformedBy",1367041608,1265960682,1267516739,"fork","978314599.785"
478,"WasInformedBy",1367295651,1265960682,1267516739,"fork","978314599.786"
479,"WasInformedBy",1373053959,1265960682,1267516739,"fork","978314599.980"
480,"WasInformedBy",1373053959,1265960682,1267516739,"fork","978314599.980"
481,"WasInformedBy",1373053959,1265960682,1267516739,"fork","978314599.980"
482,"WasInformedBy",1373053959,1265960682,1267516739,"fork","978314599.980"
483,"WasInformedBy",1373044550,1265960682,1267516739,"fork","978314599.981"
484,"WasInformedBy",-412871322,1270706143,1267516739,NULL,NULL
485,"WasInformedBy",1376262860,1265960689,1270706143,"fork","978314599.982"
486,"WasInformedBy",1376253451,1265960689,1270706143,"fork","978314599.983"
487,"WasInformedBy",1376253451,1265960689,1270706143,"fork","978314599.983"
488,"WasInformedBy",1376253451,1265960689,1270706143,"fork","978314599.983"
